"category","events","total_volume","liquidity","open_interest"
Politics,585,421839454,49150689,32655756
Esports,313,8615430,20045,11050
Sports,118,317559209,14422589,3497246
Crypto,101,39093712,2881243,8117903
Midterms,71,4795971,2980189,577855
Up or Down,55,187588,2368,1720
Geopolitics,50,177891364,1397241,3135098
Culture,41,39005957,1386469,1316396
Finance,32,9816414,769410,2327475
token launch,26,23109623,424690,897364
Trump,22,9222693,405757,568685
FDV,21,27251101,2965051,3339679
Tech,20,4452305,188567,308707
MLB,19,20192837,1547134,209843
Economy,17,8926960,1628702,669702
Recurring,13,4356279,243256,284371
Ukraine Map,13,3530193,75159,148586
Crypto Prices,12,1313698,43560,113341
Business,11,33889677,574399,1189376
NFL (All),10,7651819,1632753,234917
